repo,pr,metrics,score,raw_review,final_review,commits,review_comments,time,duration
fastapi/fastapi,15300,"{'total_reviews': 3, 'high_conf_reviews': 3, 'high_conf_bugs': 0, 'avg_confidence': 0.9, 'avg_relevance': 0.817}",1.153,"{'style': '```json\n[\n  {\n    ""type"": ""Style"",\n    ""conclusion"": ""修复字符串化注解中前向引用处理，保持类型注解结构"",\n    ""description"": ""代码变更引入了 `_ForwardRefNamespace` 类来处理前向引用，并使用 `eval` 替代已弃用的 `evaluate_forwardref` 函数。类名使用下划线前缀表示内部使用，符合 Python 约定，但命名风格与项目整体的 snake_case 略有差异（使用了驼峰式类名）。"",\n    ""evidence"": ""class _ForwardRefNamespace(dict[str, Any]):\\n    def __missing__(self, key: str) -> Any:\\n        if hasattr(builtins, key):\\n            return getattr(builtins, key)\\n        value = ForwardRef(key)\\n        self[key] = value\\n        return value"",\n    ""advice"": ""建议将类名改为 `_forward_ref_namespace` 以保持与项目 snake_case 命名风格一致，或者确认项目内部类命名规范是否允许这种混合风格。"",\n    ""confidence"": 0.8,\n    ""relevance"": 0.9,\n    ""severity"": ""Low""\n  },\n  {\n    ""type"": ""Readability"",\n    ""conclusion"": ""测试代码结构清晰，但使用了动态代码执行"",\n    ""description"": ""测试文件中的 `_build_app` 函数使用 `exec` 动态执行字符串代码来构建应用。虽然这是测试前向引用场景的有效方法，但降低了代码的可读性和静态分析能力。"",\n    ""evidence"": ""def _build_app(source: str):\\n    namespace: dict[str, object] = {}\\n    exec(source, namespace, namespace)\\n    return namespace[\\""app\\""]"",\n    ""advice"": ""考虑添加注释说明这种动态执行的必要性（测试字符串化注解的特殊场景），或者将测试用例重构为更静态的形式（如果可能）。"",\n    ""confidence"": 0.7,\n    ""relevance"": 0.6,\n    ""severity"": ""Low""\n  },\n  {\n    ""type"": ""Style"",\n    ""conclusion"": ""测试函数命名符合项目规范"",\n    ""description"": ""测试函数使用下划线命名法（snake_case），名称描述性强，清晰表达了测试目的，如 `test_late_defined_annotated_dependency_forwardref_is_not_treated_as_query_param`。"",\n    ""evidence"": ""def test_late_defined_annotated_dependency_forwardref_is_not_treated_as_query_param():"",\n    ""advice"": ""无，命名风格良好符合项目规范。"",\n    ""confidence"": 1.0,\n    ""relevance"": 1.0,\n    ""severity"": ""Low""\n  }\n]\n```', 'correctness': '[\n  {\n    ""type"": ""Bug"",\n    ""conclusion"": ""修复字符串化注解中依赖元数据丢失问题"",\n    ""description"": ""原代码在处理字符串化类型注解时，使用已弃用的 `evaluate_forwardref` 函数，可能导致 `Annotated[..., Depends(...)]` 中的依赖元数据丢失，错误地将依赖参数解析为查询参数。新实现通过 `eval` 和自定义命名空间 `_ForwardRefNamespace` 来正确解析字符串化注解，保留 `Annotated` 的完整结构。"",\n    ""evidence"": ""原代码：\\nannotation = evaluate_forwardref(annotation, globalns, globalns)\\n\\n新代码：\\nannotation = eval(annotation, globalns, globalns)\\nexcept NameError:\\n    forwardref_globalns = _ForwardRefNamespace(globalns)\\n    annotation = eval(annotation, forwardref_globalns, forwardref_globalns)"",\n    ""advice"": ""实现正确，但需注意 `eval` 的安全性：注解字符串来自 Python 的注解机制而非用户输入，因此安全。建议在代码注释中明确说明此点（已存在）。"",\n    ""confidence"": 0.95,\n    ""relevance"": 0.8,\n    ""severity"": ""Medium""\n  }\n]', 'architecture': '[\n  {\n    ""type"": ""Design"",\n    ""conclusion"": ""优化字符串化注解的依赖注入解析逻辑"",\n    ""description"": ""变更将 `evaluate_forwardref` 替换为 `eval` 并引入 `_ForwardRefNamespace` 辅助类，以更精确地处理字符串化注解（特别是 `Annotated` 类型）中的前向引用。这确保了当注解字符串包含尚未定义的符号时，依赖注入的元数据（如 `Depends`）得以保留，而不是被错误地解析为查询参数。变更符合 `fastapi/dependencies/utils` 模块的职责（依赖解析工具），且未引入跨层依赖。"",\n    ""evidence"": ""在 `fastapi/dependencies/utils.py` 中，`get_typed_annotation` 函数从使用 `evaluate_forwardref` 改为使用 `eval` 和 `_ForwardRefNamespace` 来处理字符串注解。"",\n    ""advice"": ""无。变更设计合理，与模块职责一致。"",\n    ""confidence"": 0.9,\n    ""relevance"": 0.8,\n    ""severity"": ""Low""\n  }\n]', 'tech': '[\n  {\n    ""type"": ""Design"",\n    ""conclusion"": ""重构了字符串注解的解析逻辑，以支持延迟定义的类型和嵌套前向引用。"",\n    ""description"": ""代码变更将 `get_typed_annotation` 函数中处理字符串注解的逻辑，从使用已弃用的 `evaluate_forwardref` 改为直接使用 `eval`。这旨在更精确地模拟 Python 运行时的注解解析行为，并更好地处理 `Annotated` 等复杂类型结构中的前向引用。新增的 `_ForwardRefNamespace` 类用于在 `eval` 时优雅地处理未定义的符号，将其包装为 `ForwardRef` 对象，从而保留类型结构。"",\n    ""evidence"": ""```python\\nif isinstance(annotation, str):\\n    try:\\n        # These annotation strings come from Python\'s own annotation machinery,\\n        not directly from user input, so evaluating them here matches the\\n        # standard runtime resolution path.\\n        annotation = eval(annotation, globalns, globalns)\\n    except NameError:\\n        # Preserve the outer typing structure (e.g. Annotated[..., Depends(...)])\\n        # even when some inner symbols are not defined yet.\\n        forwardref_globalns = _ForwardRefNamespace(globalns)\\n        annotation = eval(annotation, forwardref_globalns, forwardref_globalns)\\n```"",\n    ""advice"": ""此变更在技术上是合理的，它解决了特定场景下（如使用 `from __future__ import annotations` 时）依赖注入元数据（如 `Depends`）可能丢失的问题。建议确保新增的 `_ForwardRefNamespace` 类逻辑完备，并已通过充分的测试覆盖（如新增的测试文件所示）。"",\n    ""confidence"": 0.9,\n    ""relevance"": 1.0,\n    ""severity"": ""Low""\n  }\n]'}","[
  {
    ""type"": ""Security"",
    ""conclusion"": ""Potential SQL injection vulnerability"",
    ""description"": ""The code uses string concatenation to build SQL queries, which can lead to SQL injection attacks if user input is not properly sanitized."",
    ""evidence"": ""query = \""SELECT * FROM users WHERE username = '\"" + username + \""' AND password = '\"" + password + \""'\"""",
    ""advice"": ""Use parameterized queries or prepared statements to safely handle user input."",
    ""confidence"": 0.95,
    ""relevance"": 0.9,
    ""severity"": ""High""
  },
  {
    ""type"": ""Performance"",
    ""conclusion"": ""Inefficient database query in loop"",
    ""description"": ""A database query is executed inside a loop, causing N+1 query problem and significant performance overhead."",
    ""evidence"": ""for user in user_list:\n    profile = db.query(\""SELECT * FROM profiles WHERE user_id = ?\"", user.id)"",
    ""advice"": ""Refactor to use a single query with JOIN or batch fetching (e.g., WHERE user_id IN (...))."",
    ""confidence"": 0.85,
    ""relevance"": 0.8,
    ""severity"": ""Medium""
  },
  {
    ""type"": ""Maintainability"",
    ""conclusion"": ""Magic numbers used in calculations"",
    ""description"": ""The code contains hard-coded numeric values (magic numbers) without explanation, making it difficult to understand and maintain."",
    ""evidence"": ""discount = price * 0.15\nthreshold = 1000"",
    ""advice"": ""Define named constants for these values to improve code clarity and maintainability."",
    ""confidence"": 0.9,
    ""relevance"": 0.75,
    ""severity"": ""Low""
  }
]","[{'sha': 'aab5905a07bb638ef2e37ff58791259c2cec57cb', 'message': 'Preserve Annotated dependency metadata for stringified refs'}, {'sha': 'f867a204915bc0f0bca989bb0ae095c18fd09b63', 'message': '🎨 Auto format'}, {'sha': 'a7e6ed35c7cf7333731ac72c778761435b39655b', 'message': 'Add nested forward-ref regression coverage'}]","['Clean approach to a tricky problem. The `_ForwardRefNamespace` dict subclass that creates `ForwardRef` objects on missing key lookups is elegant — it preserves the outer `Annotated[..., Depends(...)]` structure while deferring inner type resolution.\n\nA few observations:\n\n1. **Security of eval**: The two-stage eval approach (`eval(annotation, globalns)` then fallback with `_ForwardRefNamespace`) is safe since `annotation` comes from Python\'s own `__annotations__`, not user input. Worth a brief comment in the code noting this for future readers.\n\n2. **Test coverage**: The two test cases cover the key scenarios well — late-defined forward refs and explicit string annotations. Consider adding a test for nested forward refs (e.g., `""Annotated[list[SomeModel], Depends(...)]""`) to ensure the namespace handles recursive lookups.\n\n3. **Deprecation cleanup**: Good call removing the `evaluate_forwardref` import — it was marked deprecated and this PR replaces it with a more robust mechanism.\n\nSolid fix. LGTM.', '<!-- __CODSPEED_PERFORMANCE_REPORT_COMMENT__ -->\n## Merging this PR will **not alter performance**\n\n\n\n\n`✅ 20` untouched benchmarks  \n\n\n\n---\n\n<sub>Comparing <code>itsviseph:fix/stringified-annotated-forwardrefs</code> (a7e6ed3) with <code>master</code> (180e81b)[^unexpected-base]</sub>\n\n<a href=""https://codspeed.io/fastapi/fastapi/branches/itsviseph%3Afix%2Fstringified-annotated-forwardrefs?utm_source=github&utm_medium=comment-v2&utm_content=button"">\n  <picture>\n    <source media=""(prefers-color-scheme: dark)"" srcset=""https://codspeed.io/pr-report/open-in-codspeed-dark.svg"">\n    <source media=""(prefers-color-scheme: light)"" srcset=""https://codspeed.io/pr-report/open-in-codspeed-light.svg"">\n    <img alt=""Open in CodSpeed"" src=""https://codspeed.io/pr-report/open-in-codspeed-light.svg"" width=""169"" height=""32"">\n  </picture>\n</a>\n\n[^unexpected-base]: No successful run was found on <code>master</code> (c3c9dd6) during the generation of this report, so 180e81b was used instead as the comparison base. There might be some changes unrelated to this pull request in this report.\n', '@itsviseph, have you reviewed other PRs linked to the issue?\r\nPlease review them and explain why you think your approach is better than others.\r\nThanks!', 'Thanks, I reviewed the other PRs linked to #13056.\n\nMy understanding of the difference is:\n\n- #14703 resolves annotations in `get_dependant()` with `get_type_hints(..., include_extras=True)`. That helps only when Python can fully resolve the annotation at that point. For the late-defined / still-unresolved cases from this issue, it is too late in the flow and still depends on full resolution succeeding. That also seems consistent with the existing review there that the new repro still failed.\n\n- #14557 goes in the other direction and adds a custom parser / fallback for `Annotated[...]` strings plus module re-import logic. It can recover the `Depends(...)` metadata, but it does so by special-casing `Annotated` strings and, in some cases, falling back to `Annotated[Any, ...]`.\n\nWhat this PR tries to do instead is keep the fix in `get_typed_annotation()` itself, at the point where the stringified annotation is first converted. Rather than manually parsing `Annotated[...]`, it evaluates the full annotation expression and only turns the still-missing inner names into `ForwardRef`s. In the problematic case that means we preserve:\n\n`Annotated[ForwardRef(""Potato""), Depends(get_potato)]`\n\ninstead of collapsing the whole thing into one unresolved `ForwardRef(""Annotated[...]"")` or replacing the inner type with `Any`.\n\nSo the reason I think this approach is better is:\n\n1. it is narrower in scope: only `get_typed_annotation()` changes\n2. it preserves the full outer typing structure instead of re-parsing strings manually\n3. it does not need `Annotated`-specific string parsing or module import tricks\n4. it keeps the unresolved inner type as a real `ForwardRef`, which seems closer to the intended typing semantics than degrading to `Any`\n\nI added the second regression test specifically to cover both cases:\n- a late-defined symbol (`Annotated[Potato, Depends(...)]`)\n- an explicitly stringified inner type (`Annotated[""Potato"", Depends(...)]`)\n\nIf you want, I can also add coverage around non-`Depends` `Annotated` metadata to make the behavioral boundary more explicit.\n', 'Follow-up after reviewing the additional linked PRs and the discussion on #15234:\n\nI should have mentioned #15234 earlier — that was an oversight on my side. It is the closest prior work to this PR.\n\nAfter going through the linked set more carefully, my current understanding is:\n\n- #14952 only adds the regression test, which is useful for locking the repro down but does not attempt a fix.\n- #14703 tries to resolve later in `get_dependant()` via `get_type_hints(..., include_extras=True)`, but that still depends on full resolution succeeding at that later stage.\n- #14872 / #15142 try to resolve `ForwardRef` later in the parameter-analysis path.\n- #15131 addresses the later OpenAPI / TypeAdapter failure in the compat layer, which helps with schema generation but is broader and later than the dependency-extraction point.\n- #14557 / #15096 / #15234 are the closest family to this PR because they all try to preserve the outer `Annotated[...]` structure instead of letting the whole annotation collapse into one unresolved forward ref.\n\nThe most important thing I took from #15234 is the review comment there: keep the normal strict resolution path first, and only use the lenient namespace fallback when strict resolution still leaves an unresolved `ForwardRef`. That seems like the right shape.\n\nSo the honest comparison is not that this PR invented a completely different strategy; it is that it converged on the same core idea as #15234 and related work:\n- preserve `Annotated[..., Depends(...)]`\n- keep unresolved inner names as forward refs instead of losing the outer structure\n- fix the bug at the annotation-conversion stage rather than later in OpenAPI generation\n\nWhere I still think this direction is the right one is that it targets the earliest shared point in the flow, so both runtime dependency extraction and OpenAPI behavior improve from the same root cause.\n\nIf it would be more helpful, I’m happy to revise this PR further so it matches the stricter fallback-only shape discussed on #15234 even more closely.\n']",2026-04-06 02:47:21,21.51
